id,name,email,Direccion,Direccion_Dos
1,nombre_1,juan@gmail.com,DireccionUNO,Direccion_1
2,nombre_2,juan@gmail.com,DireccionUNO,Direccion_2
3,nombre_3,juan@gmail.com,DireccionUNO,Direccion_3
4,nombre_4,juan@gmail.com,DireccionUNO,Direccion_4
5,nombre_5,juan@gmail.com,DireccionUNO,Direccion_5
6,nombre_6,juan@gmail.com,DireccionUNO,Direccion_6
7,nombre_7,juan@gmail.com,DireccionUNO,Direccion_7
8,nombre_8,juan@gmail.com,DireccionUNO,Direccion_8
9,nombre_9,juan@gmail.com,DireccionUNO,Direccion_9
10,nombre_10,juan@gmail.com,DireccionUNO,Direccion_10